{
  "chapter_metadata": {
    "chapter_id": "2.Play_Do_Learn.4",
    "standard": "2",
    "subject": "Play_Do_Learn",
    "medium": "English",
    "chapter_name": "Skill Based Activities"
  },
  "questions": [
    {
      "question_id": 1,
      "question_type": "MCQ",
      "question": "Which activity involves rolling the body forward on the ground?",
      "options": [
        { "option_id": 1, "text": "Spot Jumping", "is_correct": false },
        { "option_id": 2, "text": "Front Roll", "is_correct": true },
        { "option_id": 3, "text": "Hopping", "is_correct": false },
        { "option_id": 4, "text": "Throwing", "is_correct": false }
      ],
      "answer": "Front Roll"
    },
    {
      "question_id": 2,
      "question_type": "MCQ",
      "question": "What is essential for children to be able to do gymnastics activities?",
      "options": [
        { "option_id": 1, "text": "Expensive shoes", "is_correct": false },
        { "option_id": 2, "text": "Regular practice", "is_correct": true },
        { "option_id": 3, "text": "Heavy food", "is_correct": false },
        { "option_id": 4, "text": "Loud music", "is_correct": false }
      ],
      "answer": "Regular practice"
    },
    {
      "question_id": 3,
      "question_type": "MCQ",
      "question": "What must be maintained while performing gymnastics postures?",
      "options": [
        { "option_id": 1, "text": "Body balance", "is_correct": true },
        { "option_id": 2, "text": "Silence", "is_correct": false },
        { "option_id": 3, "text": "Closed eyes", "is_correct": false },
        { "option_id": 4, "text": "Holding breath", "is_correct": false }
      ],
      "answer": "Body balance"
    },
    {
      "question_id": 4,
      "question_type": "MCQ",
      "question": "Which athletic game involves jumping in one place?",
      "options": [
        { "option_id": 1, "text": "Running", "is_correct": false },
        { "option_id": 2, "text": "Spot Jumping", "is_correct": true },
        { "option_id": 3, "text": "Front Roll", "is_correct": false },
        { "option_id": 4, "text": "Walking", "is_correct": false }
      ],
      "answer": "Spot Jumping"
    },
    {
      "question_id": 5,
      "question_type": "MCQ",
      "question": "How should hopping be performed according to the chapter?",
      "options": [
        { "option_id": 1, "text": "On two legs", "is_correct": false },
        { "option_id": 2, "text": "On one leg", "is_correct": true },
        { "option_id": 3, "text": "Backward", "is_correct": false },
        { "option_id": 4, "text": "While sitting", "is_correct": false }
      ],
      "answer": "On one leg"
    },
    {
      "question_id": 6,
      "question_type": "MCQ",
      "question": "What type of games should be organized for athletic skills?",
      "options": [
        { "option_id": 1, "text": "Board games", "is_correct": false },
        { "option_id": 2, "text": "Speed based games", "is_correct": true },
        { "option_id": 3, "text": "Sleeping games", "is_correct": false },
        { "option_id": 4, "text": "Writing games", "is_correct": false }
      ],
      "answer": "Speed based games"
    },
    {
      "question_id": 7,
      "question_type": "MCQ",
      "question": "In sports skills, the ball can be caught after bouncing it on the ________.",
      "options": [
        { "option_id": 1, "text": "Roof", "is_correct": false },
        { "option_id": 2, "text": "Tree", "is_correct": false },
        { "option_id": 3, "text": "Wall", "is_correct": true },
        { "option_id": 4, "text": "Water", "is_correct": false }
      ],
      "answer": "Wall"
    },
    {
      "question_id": 8,
      "question_type": "MCQ",
      "question": "Besides a ball, what other object is mentioned for catching practice?",
      "options": [
        { "option_id": 1, "text": "A ring", "is_correct": true },
        { "option_id": 2, "text": "A stone", "is_correct": false },
        { "option_id": 3, "text": "A book", "is_correct": false },
        { "option_id": 4, "text": "A pencil", "is_correct": false }
      ],
      "answer": "A ring"
    },
    {
      "question_id": 9,
      "question_type": "MCQ",
      "question": "What should children maintain while throwing and catching?",
      "options": [
        { "option_id": 1, "text": "Correct body posture", "is_correct": true },
        { "option_id": 2, "text": "Closed eyes", "is_correct": false },
        { "option_id": 3, "text": "Loud voice", "is_correct": false },
        { "option_id": 4, "text": "Sitting position", "is_correct": false }
      ],
      "answer": "Correct body posture"
    },
    {
      "question_id": 10,
      "question_type": "MCQ",
      "question": "What will help children master field tactics?",
      "options": [
        { "option_id": 1, "text": "Watching TV", "is_correct": false },
        { "option_id": 2, "text": "Regular practice", "is_correct": true },
        { "option_id": 3, "text": "Eating snacks", "is_correct": false },
        { "option_id": 4, "text": "Sleeping early", "is_correct": false }
      ],
      "answer": "Regular practice"
    },
    {
      "question_id": 11,
      "question_type": "MCQ",
      "question": "Who is expected to use creativity for Human Pyramids?",
      "options": [
        { "option_id": 1, "text": "The teachers", "is_correct": true },
        { "option_id": 2, "text": "The parents", "is_correct": false },
        { "option_id": 3, "text": "The principal", "is_correct": false },
        { "option_id": 4, "text": "The doctor", "is_correct": false }
      ],
      "answer": "The teachers"
    },
    {
      "question_id": 12,
      "question_type": "MCQ",
      "question": "Who should form the foundation of a Human Pyramid?",
      "options": [
        { "option_id": 1, "text": "Children who are light", "is_correct": false },
        { "option_id": 2, "text": "Children who can bear weight", "is_correct": true },
        { "option_id": 3, "text": "Children who are tall", "is_correct": false },
        { "option_id": 4, "text": "Children who are tired", "is_correct": false }
      ],
      "answer": "Children who can bear weight"
    },
    {
      "question_id": 13,
      "question_type": "MCQ",
      "question": "What can accompany the presentation of Human Pyramids?",
      "options": [
        { "option_id": 1, "text": "Musical background", "is_correct": true },
        { "option_id": 2, "text": "Traffic noise", "is_correct": false },
        { "option_id": 3, "text": "Complete silence", "is_correct": false },
        { "option_id": 4, "text": "Shouting", "is_correct": false }
      ],
      "answer": "Musical background"
    },
    {
      "question_id": 14,
      "question_type": "MCQ",
      "question": "In the athletic section, jumping is done with ________.",
      "options": [
        { "option_id": 1, "text": "Folded hands", "is_correct": false },
        { "option_id": 2, "text": "Stretched hands", "is_correct": true },
        { "option_id": 3, "text": "Eyes closed", "is_correct": false },
        { "option_id": 4, "text": "Head down", "is_correct": false }
      ],
      "answer": "Stretched hands"
    },
    {
      "question_id": 15,
      "question_type": "MCQ",
      "question": "What should the teacher do for the children doing these activities?",
      "options": [
        { "option_id": 1, "text": "Scold them", "is_correct": false },
        { "option_id": 2, "text": "Appreciate them", "is_correct": true },
        { "option_id": 3, "text": "Ignore them", "is_correct": false },
        { "option_id": 4, "text": "Stop them", "is_correct": false }
      ],
      "answer": "Appreciate them"
    },
    {
      "question_id": 51,
      "question_type": "SHORT",
      "question": "Name two gymnastics activities mentioned in the chapter.",
      "answer": "Front Roll and Back Roll."
    },
    {
      "question_id": 52,
      "question_type": "SHORT",
      "question": "What is the teacher's role during gymnastics practice?",
      "answer": "To help children keep their hands and feet appropriately and maintain balance."
    },
    {
      "question_id": 53,
      "question_type": "SHORT",
      "question": "What is the specific instruction for the 'My Activity' in gymnastics?",
      "answer": "Spread your legs and roll forward."
    },
    {
      "question_id": 54,
      "question_type": "SHORT",
      "question": "List two types of jumps mentioned in Athletic Games.",
      "answer": "Spot jumping and jumping with stretched hands."
    },
    {
      "question_id": 55,
      "question_type": "SHORT",
      "question": "How is hopping performed?",
      "answer": "Hopping is performed by moving forward on one leg."
    },
    {
      "question_id": 56,
      "question_type": "SHORT",
      "question": "What kind of games help in athletic development?",
      "answer": "Speed based games."
    },
    {
      "question_id": 57,
      "question_type": "SHORT",
      "question": "Name two ways to practice catching a ball.",
      "answer": "Catching a ball bounced on the wall and catching a thrown ball."
    },
    {
      "question_id": 58,
      "question_type": "SHORT",
      "question": "Apart from throwing and catching, what other actions require correct posture?",
      "answer": "Defending, kicking, and hitting the ball."
    },
    {
      "question_id": 59,
      "question_type": "SHORT",
      "question": "What is the benefit of regular practice in sports?",
      "answer": "It helps children to master all the field tactics."
    },
    {
      "question_id": 60,
      "question_type": "SHORT",
      "question": "What object is used for catching practice besides a ball?",
      "answer": "A ring."
    },
    {
      "question_id": 61,
      "question_type": "SHORT",
      "question": "Who should be at the base of a human pyramid?",
      "answer": "Children who can bear the weight of others."
    },
    {
      "question_id": 62,
      "question_type": "SHORT",
      "question": "What role does creativity play in human pyramids?",
      "answer": "Teachers use creativity to make different pyramid arrangements."
    },
    {
      "question_id": 63,
      "question_type": "SHORT",
      "question": "How can human pyramids be presented to make them more interesting?",
      "answer": "By presenting them with a musical background."
    },
    {
      "question_id": 64,
      "question_type": "SHORT",
      "question": "What type of walking is mentioned in Athletic Games?",
      "answer": "Walking with long steps."
    },
    {
      "question_id": 65,
      "question_type": "SHORT",
      "question": "What should be done after completing the 'My Activity' practice?",
      "answer": "Put a tick or mark in the box."
    }
  ]
}