{
  "chapter_metadata": {
    "chapter_id": "2.Play_Do_Learn.09",
    "standard": "2",
    "subject": "Play_Do_Learn",
    "medium": "English",
    "chapter_name": "Optional Activities"
  },
  "questions": [
    {
      "question_id": 1,
      "question_type": "MCQ",
      "question": "Which activity involves planting saplings?",
      "options": [
        { "option_id": 1, "text": "Fisheries", "is_correct": false },
        { "option_id": 2, "text": "Kitchen Gardening", "is_correct": true },
        { "option_id": 3, "text": "Doll Making", "is_correct": false },
        { "option_id": 4, "text": "Coir Work", "is_correct": false }
      ],
      "answer": "Kitchen Gardening"
    },
    {
      "question_id": 2,
      "question_type": "MCQ",
      "question": "Which of the following is a type of pot mentioned in the text?",
      "options": [
        { "option_id": 1, "text": "Clay Pot", "is_correct": true },
        { "option_id": 2, "text": "Paper Pot", "is_correct": false },
        { "option_id": 3, "text": "Cloth Pot", "is_correct": false },
        { "option_id": 4, "text": "Grass Pot", "is_correct": false }
      ],
      "answer": "Clay Pot"
    },
    {
      "question_id": 3,
      "question_type": "MCQ",
      "question": "How long does it take for a coconut to be completely ready?",
      "options": [
        { "option_id": 1, "text": "1 month", "is_correct": false },
        { "option_id": 2, "text": "6 months", "is_correct": false },
        { "option_id": 3, "text": "12 to 13 months", "is_correct": true },
        { "option_id": 4, "text": "2 years", "is_correct": false }
      ],
      "answer": "12 to 13 months"
    },
    {
      "question_id": 4,
      "question_type": "MCQ",
      "question": "From which plant do we get material to make thread and cloth?",
      "options": [
        { "option_id": 1, "text": "Mango tree", "is_correct": false },
        { "option_id": 2, "text": "Cotton plant", "is_correct": true },
        { "option_id": 3, "text": "Rose plant", "is_correct": false },
        { "option_id": 4, "text": "Banana tree", "is_correct": false }
      ],
      "answer": "Cotton plant"
    },
    {
      "question_id": 5,
      "question_type": "MCQ",
      "question": "Which of the following is a sea water fish?",
      "options": [
        { "option_id": 1, "text": "Rohu", "is_correct": false },
        { "option_id": 2, "text": "Pomfret", "is_correct": true },
        { "option_id": 3, "text": "Goldfish", "is_correct": false },
        { "option_id": 4, "text": "Frog", "is_correct": false }
      ],
      "answer": "Pomfret"
    },
    {
      "question_id": 6,
      "question_type": "MCQ",
      "question": "What is the trunk of a coconut tree like?",
      "options": [
        { "option_id": 1, "text": "Square and green", "is_correct": false },
        { "option_id": 2, "text": "Round and whitish brown", "is_correct": true },
        { "option_id": 3, "text": "Thin and black", "is_correct": false },
        { "option_id": 4, "text": "Short and red", "is_correct": false }
      ],
      "answer": "Round and whitish brown"
    },
    {
      "question_id": 7,
      "question_type": "MCQ",
      "question": "Which cloth is described as soft, warm and absorbent?",
      "options": [
        { "option_id": 1, "text": "Cotton cloth", "is_correct": true },
        { "option_id": 2, "text": "Plastic", "is_correct": false },
        { "option_id": 3, "text": "Paper", "is_correct": false },
        { "option_id": 4, "text": "Wood", "is_correct": false }
      ],
      "answer": "Cotton cloth"
    },
    {
      "question_id": 8,
      "question_type": "MCQ",
      "question": "What material is used to make dolls in the activity?",
      "options": [
        { "option_id": 1, "text": "Stone", "is_correct": false },
        { "option_id": 2, "text": "Handkerchief", "is_correct": true },
        { "option_id": 3, "text": "Iron", "is_correct": false },
        { "option_id": 4, "text": "Glass", "is_correct": false }
      ],
      "answer": "Handkerchief"
    },
    {
      "question_id": 9,
      "question_type": "MCQ",
      "question": "Which of these is a flower with fragrance?",
      "options": [
        { "option_id": 1, "text": "Rose", "is_correct": true },
        { "option_id": 2, "text": "Grass", "is_correct": false },
        { "option_id": 3, "text": "Cotton", "is_correct": false },
        { "option_id": 4, "text": "Bamboo", "is_correct": false }
      ],
      "answer": "Rose"
    },
    {
      "question_id": 10,
      "question_type": "MCQ",
      "question": "Which tree is also known as a palm tree?",
      "options": [
        { "option_id": 1, "text": "Banyan tree", "is_correct": false },
        { "option_id": 2, "text": "Coconut tree", "is_correct": true },
        { "option_id": 3, "text": "Neem tree", "is_correct": false },
        { "option_id": 4, "text": "Mango tree", "is_correct": false }
      ],
      "answer": "Coconut tree"
    },
    {
      "question_id": 11,
      "question_type": "MCQ",
      "question": "What is the first step in clay work mentioned in the text?",
      "options": [
        { "option_id": 1, "text": "Painting", "is_correct": false },
        { "option_id": 2, "text": "Sieving the clay", "is_correct": true },
        { "option_id": 3, "text": "Cooking", "is_correct": false },
        { "option_id": 4, "text": "Selling", "is_correct": false }
      ],
      "answer": "Sieving the clay"
    },
    {
      "question_id": 12,
      "question_type": "MCQ",
      "question": "Which animal is shown in the picture word puzzle example?",
      "options": [
        { "option_id": 1, "text": "Lion", "is_correct": false },
        { "option_id": 2, "text": "Buffalo", "is_correct": true },
        { "option_id": 3, "text": "Tiger", "is_correct": false },
        { "option_id": 4, "text": "Elephant", "is_correct": false }
      ],
      "answer": "Buffalo"
    },
    {
      "question_id": 13,
      "question_type": "MCQ",
      "question": "What protects humans from cold, wind, and rain?",
      "options": [
        { "option_id": 1, "text": "Clothes", "is_correct": true },
        { "option_id": 2, "text": "Trees", "is_correct": false },
        { "option_id": 3, "text": "Roads", "is_correct": false },
        { "option_id": 4, "text": "Computers", "is_correct": false }
      ],
      "answer": "Clothes"
    },
    {
      "question_id": 14,
      "question_type": "MCQ",
      "question": "Which of these is a fresh water fish?",
      "options": [
        { "option_id": 1, "text": "Seer fish", "is_correct": false },
        { "option_id": 2, "text": "Rohu", "is_correct": true },
        { "option_id": 3, "text": "Shark", "is_correct": false },
        { "option_id": 4, "text": "Whale", "is_correct": false }
      ],
      "answer": "Rohu"
    },
    {
      "question_id": 15,
      "question_type": "MCQ",
      "question": "What are the long leaves of a coconut tree called?",
      "options": [
        { "option_id": 1, "text": "Branches", "is_correct": false },
        { "option_id": 2, "text": "Fronds", "is_correct": true },
        { "option_id": 3, "text": "Twigs", "is_correct": false },
        { "option_id": 4, "text": "Roots", "is_correct": false }
      ],
      "answer": "Fronds"
    },
    {
      "question_id": 51,
      "question_type": "SHORT",
      "question": "List three types of pots based on their material.",
      "answer": "Clay Pot, Wooden Pot, and Plastic Pot."
    },
    {
      "question_id": 52,
      "question_type": "SHORT",
      "question": "What are the three stages of clay work mentioned?",
      "answer": "Sieving the clay, mixing clay with water, and creating different shapes."
    },
    {
      "question_id": 53,
      "question_type": "SHORT",
      "question": "Name two types of cloth mentioned in the text.",
      "answer": "Cotton cloth and Silk (or Satin/Velvet/Woolen) cloth."
    },
    {
      "question_id": 54,
      "question_type": "SHORT",
      "question": "What does a coconut tree look like?",
      "answer": "It is very tall, has no branches, and has a bunch of long leaves (fronds) at the top."
    },
    {
      "question_id": 55,
      "question_type": "SHORT",
      "question": "What is the use of woolen cloth?",
      "answer": "Woolen cloth is used for sweaters, shawls, mufflers, and socks."
    },
    {
      "question_id": 56,
      "question_type": "SHORT",
      "question": "How many coconuts can one tree bear in a year?",
      "answer": "One coconut tree can bear up to 60 to 80 coconuts in one year."
    },
    {
      "question_id": 57,
      "question_type": "SHORT",
      "question": "What should be separated from cotton pods before use?",
      "answer": "Seeds, small sticks, and dried leaves must be separated from cotton pods."
    },
    {
      "question_id": 58,
      "question_type": "SHORT",
      "question": "Name two examples of marine (sea water) fish.",
      "answer": "Seer fish and Pomfret."
    },
    {
      "question_id": 59,
      "question_type": "SHORT",
      "question": "What materials are needed to make a doll from a handkerchief?",
      "answer": "Handkerchief, ball, thread, and colouring material."
    },
    {
      "question_id": 60,
      "question_type": "SHORT",
      "question": "Name two flowers mentioned in the text.",
      "answer": "Rose and Marigold (or Jasmine/Hibiscus)."
    },
    {
      "question_id": 61,
      "question_type": "SHORT",
      "question": "What are the benefits of clothes for humans?",
      "answer": "Clothes protect humans from cold, winds, rain, and harsh weather."
    },
    {
      "question_id": 62,
      "question_type": "SHORT",
      "question": "What is 'Kitchen Gardening'?",
      "answer": "It involves visiting the neighbourhood to observe trees and planting saplings."
    },
    {
      "question_id": 63,
      "question_type": "SHORT",
      "question": "What is the texture of silk cloth described as?",
      "answer": "Silk cloth is described as soft and shiny."
    },
    {
      "question_id": 64,
      "question_type": "SHORT",
      "question": "What activity is suggested for flowers?",
      "answer": "Making a garland or a bouquet of flowers."
    },
    {
      "question_id": 65,
      "question_type": "SHORT",
      "question": "What is the purpose of a scarecrow in a farm (inferred from context)?",
      "answer": "To frighten birds and animals away from the crops."
    }
  ]
}