{
  "chapter_metadata": {
    "chapter_id": "2.Play_Do_Learn.05",
    "standard": "2",
    "subject": "Play_Do_Learn",
    "medium": "English",
    "chapter_name": "Exercises"
  },
  "questions": [
    {
      "question_id": 1,
      "question_type": "MCQ",
      "question": "Which exercise involves bending the neck forward and backward?",
      "options": [
        { "option_id": 1, "text": "Neck bending exercise", "is_correct": true },
        { "option_id": 2, "text": "Skipping", "is_correct": false },
        { "option_id": 3, "text": "Running", "is_correct": false },
        { "option_id": 4, "text": "Crawling", "is_correct": false }
      ],
      "answer": "Neck bending exercise"
    },
    {
      "question_id": 2,
      "question_type": "MCQ",
      "question": "Which warm-up exercise is done along the waist?",
      "options": [
        { "option_id": 1, "text": "Twisting along the waist", "is_correct": true },
        { "option_id": 2, "text": "Jumping", "is_correct": false },
        { "option_id": 3, "text": "Running", "is_correct": false },
        { "option_id": 4, "text": "Skipping", "is_correct": false }
      ],
      "answer": "Twisting along the waist"
    },
    {
      "question_id": 3,
      "question_type": "MCQ",
      "question": "Which exercise involves touching the toes?",
      "options": [
        { "option_id": 1, "text": "Bending and touching the toes", "is_correct": true },
        { "option_id": 2, "text": "March past", "is_correct": false },
        { "option_id": 3, "text": "Crab walk", "is_correct": false },
        { "option_id": 4, "text": "Duck walk", "is_correct": false }
      ],
      "answer": "Bending and touching the toes"
    },
    {
      "question_id": 4,
      "question_type": "MCQ",
      "question": "Which exercise helps in rotating shoulders and wrists?",
      "options": [
        { "option_id": 1, "text": "Rotation exercise", "is_correct": true },
        { "option_id": 2, "text": "Running race", "is_correct": false },
        { "option_id": 3, "text": "Skipping", "is_correct": false },
        { "option_id": 4, "text": "Hurdle race", "is_correct": false }
      ],
      "answer": "Rotation exercise"
    },
    {
      "question_id": 5,
      "question_type": "MCQ",
      "question": "Why should children wear proper clothes during exercises?",
      "options": [
        { "option_id": 1, "text": "To move freely and safely", "is_correct": true },
        { "option_id": 2, "text": "To look fashionable", "is_correct": false },
        { "option_id": 3, "text": "To sleep", "is_correct": false },
        { "option_id": 4, "text": "To avoid playing", "is_correct": false }
      ],
      "answer": "To move freely and safely"
    },
    {
      "question_id": 6,
      "question_type": "MCQ",
      "question": "Which Yoga exercise includes a series of postures?",
      "options": [
        { "option_id": 1, "text": "Surya Namaskar", "is_correct": true },
        { "option_id": 2, "text": "Running", "is_correct": false },
        { "option_id": 3, "text": "Skipping", "is_correct": false },
        { "option_id": 4, "text": "Crawling", "is_correct": false }
      ],
      "answer": "Surya Namaskar"
    },
    {
      "question_id": 7,
      "question_type": "MCQ",
      "question": "How many basic positions are shown in Surya Namaskar?",
      "options": [
        { "option_id": 1, "text": "Ten", "is_correct": true },
        { "option_id": 2, "text": "Five", "is_correct": false },
        { "option_id": 3, "text": "Seven", "is_correct": false },
        { "option_id": 4, "text": "Three", "is_correct": false }
      ],
      "answer": "Ten"
    },
    {
      "question_id": 8,
      "question_type": "MCQ",
      "question": "Which exercise uses balloons for rhythmic movement?",
      "options": [
        { "option_id": 1, "text": "Balloon drill", "is_correct": true },
        { "option_id": 2, "text": "Stick drill", "is_correct": false },
        { "option_id": 3, "text": "Handkerchief drill", "is_correct": false },
        { "option_id": 4, "text": "Hurdle race", "is_correct": false }
      ],
      "answer": "Balloon drill"
    },
    {
      "question_id": 9,
      "question_type": "MCQ",
      "question": "Which rhythmic exercise uses a stick?",
      "options": [
        { "option_id": 1, "text": "Stick drill", "is_correct": true },
        { "option_id": 2, "text": "Ball drill", "is_correct": false },
        { "option_id": 3, "text": "Skipping", "is_correct": false },
        { "option_id": 4, "text": "Running", "is_correct": false }
      ],
      "answer": "Stick drill"
    },
    {
      "question_id": 10,
      "question_type": "MCQ",
      "question": "Why are rhythmic exercises important?",
      "options": [
        { "option_id": 1, "text": "They improve coordination", "is_correct": true },
        { "option_id": 2, "text": "They make children sleepy", "is_correct": false },
        { "option_id": 3, "text": "They stop movement", "is_correct": false },
        { "option_id": 4, "text": "They waste time", "is_correct": false }
      ],
      "answer": "They improve coordination"
    },
    {
      "question_id": 11,
      "question_type": "MCQ",
      "question": "Which posture should be done before Yoga?",
      "options": [
        { "option_id": 1, "text": "Warming up postures", "is_correct": true },
        { "option_id": 2, "text": "Sleeping posture", "is_correct": false },
        { "option_id": 3, "text": "Lying posture", "is_correct": false },
        { "option_id": 4, "text": "Jumping posture", "is_correct": false }
      ],
      "answer": "Warming up postures"
    },
    {
      "question_id": 12,
      "question_type": "MCQ",
      "question": "What should children follow while doing Yoga?",
      "options": [
        { "option_id": 1, "text": "Rules of Yoga", "is_correct": true },
        { "option_id": 2, "text": "Game rules", "is_correct": false },
        { "option_id": 3, "text": "Class rules", "is_correct": false },
        { "option_id": 4, "text": "Traffic rules", "is_correct": false }
      ],
      "answer": "Rules of Yoga"
    },
    {
      "question_id": 13,
      "question_type": "MCQ",
      "question": "Which activity includes balancing, skipping, and crawling?",
      "options": [
        { "option_id": 1, "text": "Hurdle race", "is_correct": true },
        { "option_id": 2, "text": "Running race", "is_correct": false },
        { "option_id": 3, "text": "March past", "is_correct": false },
        { "option_id": 4, "text": "Yoga", "is_correct": false }
      ],
      "answer": "Hurdle race"
    },
    {
      "question_id": 14,
      "question_type": "MCQ",
      "question": "Which activity involves passing through a ring?",
      "options": [
        { "option_id": 1, "text": "Hurdle race", "is_correct": true },
        { "option_id": 2, "text": "Skipping", "is_correct": false },
        { "option_id": 3, "text": "Running", "is_correct": false },
        { "option_id": 4, "text": "Stretching", "is_correct": false }
      ],
      "answer": "Hurdle race"
    },
    {
      "question_id": 15,
      "question_type": "MCQ",
      "question": "Why should children not over-stress while exercising?",
      "options": [
        { "option_id": 1, "text": "It may cause injury", "is_correct": true },
        { "option_id": 2, "text": "It improves sleep", "is_correct": false },
        { "option_id": 3, "text": "It saves time", "is_correct": false },
        { "option_id": 4, "text": "It stops growth", "is_correct": false }
      ],
      "answer": "It may cause injury"
    },
    {
      "question_id": 51,
      "question_type": "SHORT",
      "question": "What are warm-up exercises?",
      "answer": "Warm-up exercises prepare the body for physical activity."
    },
    {
      "question_id": 52,
      "question_type": "SHORT",
      "question": "Name one neck exercise.",
      "answer": "Bending the neck forward and backward."
    },
    {
      "question_id": 53,
      "question_type": "SHORT",
      "question": "Why are warm-up exercises important?",
      "answer": "They help prevent injuries."
    },
    {
      "question_id": 54,
      "question_type": "SHORT",
      "question": "What is Surya Namaskar?",
      "answer": "Surya Namaskar is a set of Yoga postures."
    },
    {
      "question_id": 55,
      "question_type": "SHORT",
      "question": "Name one rhythmic exercise.",
      "answer": "Balloon drill."
    },
    {
      "question_id": 56,
      "question_type": "SHORT",
      "question": "What is a stick drill?",
      "answer": "It is a rhythmic exercise using a stick."
    },
    {
      "question_id": 57,
      "question_type": "SHORT",
      "question": "Why should children follow correct posture?",
      "answer": "Correct posture keeps the body healthy."
    },
    {
      "question_id": 58,
      "question_type": "SHORT",
      "question": "What is a hurdle race?",
      "answer": "It is an activity with different physical challenges."
    },
    {
      "question_id": 59,
      "question_type": "SHORT",
      "question": "Name one activity in a hurdle race.",
      "answer": "Skipping."
    },
    {
      "question_id": 60,
      "question_type": "SHORT",
      "question": "Why are exercises important?",
      "answer": "Exercises keep our body fit."
    },
    {
      "question_id": 61,
      "question_type": "SHORT",
      "question": "What should children wear during exercises?",
      "answer": "Comfortable clothes."
    },
    {
      "question_id": 62,
      "question_type": "SHORT",
      "question": "Why should children stretch according to capacity?",
      "answer": "To avoid injury."
    },
    {
      "question_id": 63,
      "question_type": "SHORT",
      "question": "Name one Yoga posture.",
      "answer": "Surya Namaskar posture."
    },
    {
      "question_id": 64,
      "question_type": "SHORT",
      "question": "What does balancing improve?",
      "answer": "It improves body control."
    },
    {
      "question_id": 65,
      "question_type": "SHORT",
      "question": "Why should teachers watch children during exercises?",
      "answer": "To ensure safety."
    }
  ]
}
