{
  "chapter_metadata": {
    "chapter_id": "2.KKS.04",
    "standard": "2",
    "subject": "Khelu_Karu_Shiku",
    "medium": "Marathi",
    "chapter_name": "कौशल्यात्मक उपक्रम"
  },
  "questions": [
    {
      "question_id": 1,
      "question_type": "MCQ",
      "question": "कौशल्यात्मक उपक्रमांमध्ये कोणता उपक्रम दिलेला आहे?",
      "options": [
        { "option_id": 1, "text": "चित्रकला", "is_correct": false },
        { "option_id": 2, "text": "जिम्नॅस्टिक", "is_correct": true },
        { "option_id": 3, "text": "संगीत", "is_correct": false },
        { "option_id": 4, "text": "नृत्य", "is_correct": false }
      ],
      "answer": "जिम्नॅस्टिक"
    },
    {
      "question_id": 2,
      "question_type": "MCQ",
      "question": "कोलांटी उडी करताना कोणती गोष्ट महत्त्वाची आहे?",
      "options": [
        { "option_id": 1, "text": "घाई करणे", "is_correct": false },
        { "option_id": 2, "text": "योग्य स्थिती ठेवणे", "is_correct": true },
        { "option_id": 3, "text": "डोळे मिटणे", "is_correct": false },
        { "option_id": 4, "text": "आरडाओरडा करणे", "is_correct": false }
      ],
      "answer": "योग्य स्थिती ठेवणे"
    },
    {
      "question_id": 3,
      "question_type": "MCQ",
      "question": "पुढे कोलांटी उडी हा कोणत्या प्रकारचा उपक्रम आहे?",
      "options": [
        { "option_id": 1, "text": "योग", "is_correct": false },
        { "option_id": 2, "text": "जिम्नॅस्टिक", "is_correct": true },
        { "option_id": 3, "text": "खेळ", "is_correct": false },
        { "option_id": 4, "text": "शर्यत", "is_correct": false }
      ],
      "answer": "जिम्नॅस्टिक"
    },
    {
      "question_id": 4,
      "question_type": "MCQ",
      "question": "विविध ॲथलेटिक्स उपक्रमांमध्ये काय केले जाते?",
      "options": [
        { "option_id": 1, "text": "बसून खेळणे", "is_correct": false },
        { "option_id": 2, "text": "उड्या व धावणे", "is_correct": true },
        { "option_id": 3, "text": "चित्र रंगवणे", "is_correct": false },
        { "option_id": 4, "text": "कथा वाचणे", "is_correct": false }
      ],
      "answer": "उड्या व धावणे"
    },
    {
      "question_id": 5,
      "question_type": "MCQ",
      "question": "चेंडू फेकणे व झेलणे याला काय म्हणतात?",
      "options": [
        { "option_id": 1, "text": "चित्रकला", "is_correct": false },
        { "option_id": 2, "text": "क्रीडा कौशल्य", "is_correct": true },
        { "option_id": 3, "text": "संगीत सराव", "is_correct": false },
        { "option_id": 4, "text": "कथा सांगणे", "is_correct": false }
      ],
      "answer": "क्रीडा कौशल्य"
    },
    {
      "question_id": 6,
      "question_type": "MCQ",
      "question": "भिंतीवरील चेंडूचे टप्पे झेलताना कशी स्थिती ठेवावी?",
      "options": [
        { "option_id": 1, "text": "वाकलेली", "is_correct": false },
        { "option_id": 2, "text": "योग्य व संतुलित", "is_correct": true },
        { "option_id": 3, "text": "डोळे मिटून", "is_correct": false },
        { "option_id": 4, "text": "एका पायावर", "is_correct": false }
      ],
      "answer": "योग्य व संतुलित"
    },
    {
      "question_id": 7,
      "question_type": "MCQ",
      "question": "मानवी मनोरे बनवताना कोणती काळजी घ्यावी?",
      "options": [
        { "option_id": 1, "text": "जोरात उडी मारावी", "is_correct": false },
        { "option_id": 2, "text": "खालील मुलांवर भार कमी ठेवावा", "is_correct": true },
        { "option_id": 3, "text": "धावावे", "is_correct": false },
        { "option_id": 4, "text": "आरडाओरडा करावा", "is_correct": false }
      ],
      "answer": "खालील मुलांवर भार कमी ठेवावा"
    },
    {
      "question_id": 8,
      "question_type": "MCQ",
      "question": "कौशल्यात्मक उपक्रमांचा मुख्य फायदा कोणता?",
      "options": [
        { "option_id": 1, "text": "आळस वाढतो", "is_correct": false },
        { "option_id": 2, "text": "शरीर लवचिक व सशक्त होते", "is_correct": true },
        { "option_id": 3, "text": "खेळ कमी होतो", "is_correct": false },
        { "option_id": 4, "text": "थकवा वाढतो", "is_correct": false }
      ],
      "answer": "शरीर लवचिक व सशक्त होते"
    },
    {
      "question_id": 9,
      "question_type": "MCQ",
      "question": "रिंग झेलणे हा कोणत्या प्रकारात येतो?",
      "options": [
        { "option_id": 1, "text": "क्रीडा कौशल्य", "is_correct": true },
        { "option_id": 2, "text": "योगाभ्यास", "is_correct": false },
        { "option_id": 3, "text": "नृत्यकला", "is_correct": false },
        { "option_id": 4, "text": "शर्यत", "is_correct": false }
      ],
      "answer": "क्रीडा कौशल्य"
    },
    {
      "question_id": 10,
      "question_type": "MCQ",
      "question": "जिम्नॅस्टिक करताना शिक्षकांनी काय करावे?",
      "options": [
        { "option_id": 1, "text": "मुलांना घाई करायला सांगावे", "is_correct": false },
        { "option_id": 2, "text": "योग्य स्थितीसाठी साहाय्य करावे", "is_correct": true },
        { "option_id": 3, "text": "खेळ थांबवावा", "is_correct": false },
        { "option_id": 4, "text": "मुलांना बसवून ठेवावे", "is_correct": false }
      ],
      "answer": "योग्य स्थितीसाठी साहाय्य करावे"
    },
    {
      "question_id": 11,
      "question_type": "MCQ",
      "question": "पाय मागे दुमडत धावणे हा कोणत्या उपक्रमात येतो?",
      "options": [
        { "option_id": 1, "text": "चित्रकला", "is_correct": false },
        { "option_id": 2, "text": "ॲथलेटिक्स उपक्रम", "is_correct": true },
        { "option_id": 3, "text": "संगीत सराव", "is_correct": false },
        { "option_id": 4, "text": "योगासन", "is_correct": false }
      ],
      "answer": "ॲथलेटिक्स उपक्रम"
    },
    {
      "question_id": 12,
      "question_type": "MCQ",
      "question": "चेंडू फेकणे आणि झेलणे यामध्ये काय विकसित होते?",
      "options": [
        { "option_id": 1, "text": "आळस", "is_correct": false },
        { "option_id": 2, "text": "डोळा-हात समन्वय", "is_correct": true },
        { "option_id": 3, "text": "राग", "is_correct": false },
        { "option_id": 4, "text": "आत्मविश्वास कमी होतो", "is_correct": false }
      ],
      "answer": "डोळा-हात समन्वय"
    },
    {
      "question_id": 13,
      "question_type": "MCQ",
      "question": "मानवी मनोरे सादर करताना काय वापरले जाऊ शकते?",
      "options": [
        { "option_id": 1, "text": "संगीताचा ताल", "is_correct": true },
        { "option_id": 2, "text": "मोठे दगड", "is_correct": false },
        { "option_id": 3, "text": "जड वस्तू", "is_correct": false },
        { "option_id": 4, "text": "धारदार साधने", "is_correct": false }
      ],
      "answer": "संगीताचा ताल"
    },
    {
      "question_id": 14,
      "question_type": "MCQ",
      "question": "कौशल्यात्मक उपक्रमांमुळे कोणता गुण वाढतो?",
      "options": [
        { "option_id": 1, "text": "मत्सर", "is_correct": false },
        { "option_id": 2, "text": "आत्मविश्वास व धैर्य", "is_correct": true },
        { "option_id": 3, "text": "आळस", "is_correct": false },
        { "option_id": 4, "text": "राग", "is_correct": false }
      ],
      "answer": "आत्मविश्वास व धैर्य"
    },
    {
      "question_id": 15,
      "question_type": "MCQ",
      "question": "कौशल्यात्मक उपक्रमांचा मुख्य उद्देश कोणता आहे?",
      "options": [
        { "option_id": 1, "text": "शरीर निरोगी ठेवणे", "is_correct": true },
        { "option_id": 2, "text": "खेळ टाळणे", "is_correct": false },
        { "option_id": 3, "text": "आळशी होणे", "is_correct": false },
        { "option_id": 4, "text": "बसून राहणे", "is_correct": false }
      ],
      "answer": "शरीर निरोगी ठेवणे"
    },

    {
      "question_id": 51,
      "question_type": "SHORT",
      "question": "कौशल्यात्मक उपक्रम म्हणजे काय?",
      "answer": "शरीराचा समतोल, हालचाल आणि समन्वय वाढवणारे उपक्रम म्हणजे कौशल्यात्मक उपक्रम."
    },
    {
      "question_id": 52,
      "question_type": "SHORT",
      "question": "जिम्नॅस्टिक करताना काय काळजी घ्यावी?",
      "answer": "योग्य स्थिती ठेवावी आणि शिक्षकांच्या मदतीने सराव करावा."
    },
    {
      "question_id": 53,
      "question_type": "SHORT",
      "question": "कोलांटी उडीचा एक फायदा लिहा.",
      "answer": "शरीर लवचिक आणि सशक्त होते."
    },
    {
      "question_id": 54,
      "question_type": "SHORT",
      "question": "ॲथलेटिक्स उपक्रमात काय केले जाते?",
      "answer": "उड्या मारणे, धावणे आणि समोर जाणे."
    },
    {
      "question_id": 55,
      "question_type": "SHORT",
      "question": "चेंडू झेलताना काय लक्षात ठेवावे?",
      "answer": "हात व शरीराची स्थिती योग्य ठेवावी."
    },
    {
      "question_id": 56,
      "question_type": "SHORT",
      "question": "रिंग झेलण्याचा उपयोग काय?",
      "answer": "डोळा-हात समन्वय वाढतो."
    },
    {
      "question_id": 57,
      "question_type": "SHORT",
      "question": "मानवी मनोरे म्हणजे काय?",
      "answer": "मुलांनी एकत्र येऊन उभा केलेला सर्जनशील समूहिक आकार म्हणजे मानवी मनोरा."
    },
    {
      "question_id": 58,
      "question_type": "SHORT",
      "question": "मानवी मनोरे करताना भाराचा विचार का करावा?",
      "answer": "खालील मुलांना जास्त भार पडू नये म्हणून."
    },
    {
      "question_id": 59,
      "question_type": "SHORT",
      "question": "कौशल्यात्मक उपक्रमांमुळे कोणता गुण विकसित होतो?",
      "answer": "धैर्य, समतोल आणि आत्मविश्वास."
    },
    {
      "question_id": 60,
      "question_type": "SHORT",
      "question": "क्रीडा कौशल्य म्हणजे काय?",
      "answer": "चेंडू फेकणे, झेलणे, अडवणे व लाथाडणे यासारखी कौशल्ये."
    },
    {
      "question_id": 61,
      "question_type": "SHORT",
      "question": "ॲथलेटिक्स उपक्रम मुलांसाठी का उपयुक्त आहेत?",
      "answer": "हे उपक्रम वेग, ताकद आणि चपळता वाढवतात."
    },
    {
      "question_id": 62,
      "question_type": "SHORT",
      "question": "मानवी मनोरे सादर करताना काय करता येते?",
      "answer": "संगीताच्या तालावर सादरीकरण करता येते."
    },
    {
      "question_id": 63,
      "question_type": "SHORT",
      "question": "कौशल्यात्मक उपक्रमातून तू काय शिकलास?",
      "answer": "समतोल, सहकार्य आणि धैर्याने काम करणे शिकलो."
    },
    {
      "question_id": 64,
      "question_type": "SHORT",
      "question": "तुला कोणता कौशल्यात्मक उपक्रम आवडतो? का?",
      "answer": "मला कोलांटी उडी आवडते कारण ती मजेदार आणि आरोग्यासाठी चांगली आहे."
    },
    {
      "question_id": 65,
      "question_type": "SHORT",
      "question": "या धड्यातील मुख्य शिकवण काय आहे?",
      "answer": "कौशल्यात्मक उपक्रम शरीर सशक्त करतात आणि आत्मविश्वास वाढवतात."
    }
  ]
}
