{
  "chapter_metadata": {
    "chapter_id": "2.KKS.06",
    "standard": "2",
    "subject": "Khelu_Karu_Shiku",
    "medium": "Marathi",
    "chapter_name": "गरजाधिष्ठित उपक्रम"
  },
  "questions": [
    {
      "question_id": 1,
      "question_type": "MCQ",
      "question": "वर्गसुशोभन करताना काय जपले पाहिजे?",
      "options": [
        { "option_id": 1, "text": "अस्वच्छता", "is_correct": false },
        { "option_id": 2, "text": "वादविवाद", "is_correct": false },
        { "option_id": 3, "text": "स्वच्छता", "is_correct": true },
        { "option_id": 4, "text": "उधळपट्टी", "is_correct": false }
      ],
      "answer": "स्वच्छता"
    },
    {
      "question_id": 2,
      "question_type": "MCQ",
      "question": "रांगोळी काढताना काय वापरले जाते?",
      "options": [
        { "option_id": 1, "text": "पाणी", "is_correct": false },
        { "option_id": 2, "text": "रंगीत पूड", "is_correct": true },
        { "option_id": 3, "text": "काच", "is_correct": false },
        { "option_id": 4, "text": "धातू", "is_correct": false }
      ],
      "answer": "रंगीत पूड"
    },
    {
      "question_id": 3,
      "question_type": "MCQ",
      "question": "‘एक, दोन, तीन, चार, झाडे लावा फार फार’ या ओळी कोणत्या उपक्रमाशी संबंधित आहेत?",
      "options": [
        { "option_id": 1, "text": "जलसाक्षरता", "is_correct": false },
        { "option_id": 2, "text": "दिनविशेष", "is_correct": true },
        { "option_id": 3, "text": "कार्यजगत", "is_correct": false },
        { "option_id": 4, "text": "आपत्ती व्यवस्थापन", "is_correct": false }
      ],
      "answer": "दिनविशेष"
    },
    {
      "question_id": 4,
      "question_type": "MCQ",
      "question": "महात्मा गांधी जयंती कोणत्या दिवशी साजरी केली जाते?",
      "options": [
        { "option_id": 1, "text": "१४ नोव्हेंबर", "is_correct": false },
        { "option_id": 2, "text": "५ सप्टेंबर", "is_correct": false },
        { "option_id": 3, "text": "२ ऑक्टोबर", "is_correct": true },
        { "option_id": 4, "text": "११ एप्रिल", "is_correct": false }
      ],
      "answer": "२ ऑक्टोबर"
    },
    {
      "question_id": 5,
      "question_type": "MCQ",
      "question": "कार्यजगत हा उपक्रम कशाशी संबंधित आहे?",
      "options": [
        { "option_id": 1, "text": "लहान उद्योगांची ओळख", "is_correct": true },
        { "option_id": 2, "text": "खेळ", "is_correct": false },
        { "option_id": 3, "text": "क्रीडा स्पर्धा", "is_correct": false },
        { "option_id": 4, "text": "चित्रकला", "is_correct": false }
      ],
      "answer": "लहान उद्योगांची ओळख"
    },
    {
      "question_id": 6,
      "question_type": "MCQ",
      "question": "‘सो सो सो सो, वारा आला’ ही कविता कोणत्या विषयावर आहे?",
      "options": [
        { "option_id": 1, "text": "हिवाळा", "is_correct": false },
        { "option_id": 2, "text": "उन्हाळा", "is_correct": false },
        { "option_id": 3, "text": "पाऊस", "is_correct": true },
        { "option_id": 4, "text": "दिवाळी", "is_correct": false }
      ],
      "answer": "पाऊस"
    },
    {
      "question_id": 7,
      "question_type": "MCQ",
      "question": "कागदाची होडी कोणत्या ऋतूत पाण्यावर तरंगताना दिसते?",
      "options": [
        { "option_id": 1, "text": "हिवाळ्यात", "is_correct": false },
        { "option_id": 2, "text": "उन्हाळ्यात", "is_correct": false },
        { "option_id": 3, "text": "पावसाळ्यात", "is_correct": true },
        { "option_id": 4, "text": "वसंत ऋतूत", "is_correct": false }
      ],
      "answer": "पावसाळ्यात"
    },
    {
      "question_id": 8,
      "question_type": "MCQ",
      "question": "‘पाणी म्हणजे जीवन’ यात काय सांगितले आहे?",
      "options": [
        { "option_id": 1, "text": "पाणी वाया घालवा", "is_correct": false },
        { "option_id": 2, "text": "पाणी महत्त्वाचे आहे", "is_correct": true },
        { "option_id": 3, "text": "पाणी फेकून द्या", "is_correct": false },
        { "option_id": 4, "text": "पाणी टाळा", "is_correct": false }
      ],
      "answer": "पाणी महत्त्वाचे आहे"
    },
    {
      "question_id": 9,
      "question_type": "MCQ",
      "question": "पाणी साठवण्यासाठी काय वापरले जाते?",
      "options": [
        { "option_id": 1, "text": "टाकी", "is_correct": true },
        { "option_id": 2, "text": "कागद", "is_correct": false },
        { "option_id": 3, "text": "फळे", "is_correct": false },
        { "option_id": 4, "text": "दगड", "is_correct": false }
      ],
      "answer": "टाकी"
    },
    {
      "question_id": 10,
      "question_type": "MCQ",
      "question": "योग्य पाणी घेण्याची पद्धत कोणती?",
      "options": [
        { "option_id": 1, "text": "घाणेरड्या हाताने पाणी घेणे", "is_correct": false },
        { "option_id": 2, "text": "घडा तिरका ठेवणे", "is_correct": false },
        { "option_id": 3, "text": "घड्याला झाकण लावून पाणी घेणे", "is_correct": true },
        { "option_id": 4, "text": "सांडलेले पाणी पिणे", "is_correct": false }
      ],
      "answer": "घड्याला झाकण लावून पाणी घेणे"
    },
    {
      "question_id": 11,
      "question_type": "MCQ",
      "question": "नैसर्गिक घडामोडींपैकी कोणता घटक आहे?",
      "options": [
        { "option_id": 1, "text": "खेळणी", "is_correct": false },
        { "option_id": 2, "text": "डोंगर", "is_correct": true },
        { "option_id": 3, "text": "गाडी", "is_correct": false },
        { "option_id": 4, "text": "टेबल", "is_correct": false }
      ],
      "answer": "डोंगर"
    },
    {
      "question_id": 12,
      "question_type": "MCQ",
      "question": "आपत्ती व्यवस्थापनात कोणती गोष्ट समजावली जाते?",
      "options": [
        { "option_id": 1, "text": "खेळ कसे खेळावे", "is_correct": false },
        { "option_id": 2, "text": "उद्योग उभारणी", "is_correct": false },
        { "option_id": 3, "text": "नैसर्गिक आपत्तींची ओळख", "is_correct": true },
        { "option_id": 4, "text": "चित्र रंगवणे", "is_correct": false }
      ],
      "answer": "नैसर्गिक आपत्तींची ओळख"
    },
    {
      "question_id": 13,
      "question_type": "MCQ",
      "question": "दिनविशेष साजरे करताना काय करावे?",
      "options": [
        { "option_id": 1, "text": "घरी बसून राहावे", "is_correct": false },
        { "option_id": 2, "text": "शिस्त पाळावी", "is_correct": true },
        { "option_id": 3, "text": "भांडण करावे", "is_correct": false },
        { "option_id": 4, "text": "गोंधळ घालावा", "is_correct": false }
      ],
      "answer": "शिस्त पाळावी"
    },
    {
      "question_id": 14,
      "question_type": "MCQ",
      "question": "परिसरातील उद्योग ओळखण्याचा उद्देश काय?",
      "options": [
        { "option_id": 1, "text": "उद्योग नष्ट करणे", "is_correct": false },
        { "option_id": 2, "text": "उद्योगांची माहिती मिळवणे", "is_correct": true },
        { "option_id": 3, "text": "लोकांना त्रास देणे", "is_correct": false },
        { "option_id": 4, "text": "खेळ खेळणे", "is_correct": false }
      ],
      "answer": "उद्योगांची माहिती मिळवणे"
    },
    {
      "question_id": 15,
      "question_type": "MCQ",
      "question": "‘पाणी म्हणजे जीवन’ याचा अर्थ काय?",
      "options": [
        { "option_id": 1, "text": "पाणी टाळावे", "is_correct": false },
        { "option_id": 2, "text": "पाणी वाया घालवावे", "is_correct": false },
        { "option_id": 3, "text": "पाणी अतिशय महत्त्वाचे आहे", "is_correct": true },
        { "option_id": 4, "text": "पाणी धोकादायक आहे", "is_correct": false }
      ],
      "answer": "पाणी अतिशय महत्त्वाचे आहे"
    },

    {
      "question_id": 51,
      "question_type": "SHORT",
      "question": "वर्गसुशोभन का करावे?",
      "answer": "वर्ग सुंदर, स्वच्छ आणि आकर्षक दिसण्यासाठी वर्गसुशोभन करावे."
    },
    {
      "question_id": 52,
      "question_type": "SHORT",
      "question": "दिनविशेष म्हणजे काय?",
      "answer": "विशिष्ट व्यक्ती किंवा घटनेच्या स्मरणार्थ साजरा केला जाणारा दिवस म्हणजे दिनविशेष."
    },
    {
      "question_id": 53,
      "question_type": "SHORT",
      "question": "कार्यजगत उपक्रमात काय शिकवले जाते?",
      "answer": "परिसरातील लहान व्यवसाय आणि उद्योगांची ओळख करून दिली जाते."
    },
    {
      "question_id": 54,
      "question_type": "SHORT",
      "question": "पावसाळ्यात मुले कोणता खेळ खेळतात?",
      "answer": "मुले कागदाची होडी पाण्यावर सोडून खेळतात."
    },
    {
      "question_id": 55,
      "question_type": "SHORT",
      "question": "‘पाणी म्हणजे जीवन’ का म्हणतात?",
      "answer": "कारण पाण्याशिवाय वनस्पती, प्राणी आणि माणसे जिवंत राहू शकत नाहीत."
    },
    {
      "question_id": 56,
      "question_type": "SHORT",
      "question": "पाणी साठवताना काय काळजी घ्यावी?",
      "answer": "पाणी स्वच्छ भांड्यात झाकण लावून साठवावे."
    },
    {
      "question_id": 57,
      "question_type": "SHORT",
      "question": "योग्य पाणी घेण्याची पद्धत कोणती?",
      "answer": "घड्याला झाकण ठेवून, स्वच्छ पळीने पाणी घ्यावे."
    },
    {
      "question_id": 58,
      "question_type": "SHORT",
      "question": "नैसर्गिक घडामोडींपैकी दोन उदाहरणे लिहा.",
      "answer": "डोंगर, नद्या."
    },
    {
      "question_id": 59,
      "question_type": "SHORT",
      "question": "आपत्ती व्यवस्थापन का महत्त्वाचे आहे?",
      "answer": "आपत्तीच्या वेळी सुरक्षित राहण्यासाठी ते महत्त्वाचे आहे."
    },
    {
      "question_id": 60,
      "question_type": "SHORT",
      "question": "रांगोळी कधी काढली जाते?",
      "answer": "सण-उत्सव किंवा खास प्रसंगी रांगोळी काढली जाते."
    },
    {
      "question_id": 61,
      "question_type": "SHORT",
      "question": "दिनविशेष साजरे केल्यामुळे काय होते?",
      "answer": "महान व्यक्तींविषयी आदर आणि प्रेरणा मिळते."
    },
    {
      "question_id": 62,
      "question_type": "SHORT",
      "question": "पाणी वाचवणे का गरजेचे आहे?",
      "answer": "कारण पाणी मर्यादित आणि जीवनासाठी आवश्यक आहे."
    },
    {
      "question_id": 63,
      "question_type": "SHORT",
      "question": "उद्योगाचे एक उदाहरण लिहा.",
      "answer": "हातमाग उद्योग."
    },
    {
      "question_id": 64,
      "question_type": "SHORT",
      "question": "पावसाळ्यात कोणत्या गोष्टी भिजतात?",
      "answer": "डोंगर, रान, झाडे."
    },
    {
      "question_id": 65,
      "question_type": "SHORT",
      "question": "वर्गात स्वच्छता का ठेवावी?",
      "answer": "आरोग्य आणि चांगले वातावरण राखण्यासाठी स्वच्छता आवश्यक आहे."
    }
  ]
}
