{
  "chapter_metadata": {
    "chapter_id": "2.ENG.06",
    "standard": "2",
    "subject": "English",
    "medium": "English",
    "chapter_name": "I Love Little Pussy"
  },
  "questions": [
    {
      "question_id": 1,
      "question_type": "MCQ",
      "question": "What animal does the poet love?",
      "options": [
        { "option_id": 1, "text": "Dog", "is_correct": false },
        { "option_id": 2, "text": "Cat (Pussy)", "is_correct": true },
        { "option_id": 3, "text": "Rabbit", "is_correct": false },
        { "option_id": 4, "text": "Bird", "is_correct": false }
      ],
      "answer": "Cat (Pussy)"
    }
  ]
}