{
  "chapter_metadata": {
    "chapter_id": "2.English.31",
    "standard": "2",
    "subject": "English",
    "medium": "English",
    "chapter_name": "Story Time - What Do You See?"
  },
  "questions": [
    {
      "question_id": 1,
      "question_type": "MCQ",
      "question": "This story is from which epic?",
      "options": [
        { "option_id": 1, "text": "Ramayana", "is_correct": false },
        { "option_id": 2, "text": "Mahabharat", "is_correct": true },
        { "option_id": 3, "text": "Vedas", "is_correct": false },
        { "option_id": 4, "text": "Puranas", "is_correct": false }
      ],
      "answer": "Mahabharat"
    }
  ]
}