{
  "chapter_metadata": {
    "chapter_id": "2.English.14",
    "standard": "2",
    "subject": "English",
    "medium": "English",
    "chapter_name": "Language Study – Describing Words"
  },
  "questions": [
    {
      "question_id": 1,
      "question_type": "MCQ",
      "question": "What colour is the mango described in the lesson?",
      "options": [
        { "option_id": 1, "text": "Red", "is_correct": false },
        { "option_id": 2, "text": "Yellow", "is_correct": true },
        { "option_id": 3, "text": "Green", "is_correct": false },
        { "option_id": 4, "text": "Blue", "is_correct": false }
      ],
      "answer": "Yellow"
    }
  ]
}