{
  "chapter_metadata": {
    "chapter_id": "2.English.21",
    "standard": "2",
    "subject": "English",
    "medium": "English",
    "chapter_name": "Let's Speak"
  },
  "questions": [
    {
      "question_id": 1,
      "question_type": "MCQ",
      "question": "What is the girl doing in the first picture?",
      "options": [
        { "option_id": 1, "text": "Driving a car", "is_correct": false },
        { "option_id": 2, "text": "Riding a bicycle", "is_correct": true },
        { "option_id": 3, "text": "Climbing a tree", "is_correct": false },
        { "option_id": 4, "text": "Swimming", "is_correct": false }
      ],
      "answer": "Riding a bicycle"
    }
  ]
}