{
  "chapter_metadata": {
    "chapter_id": "2.English.29",
    "standard": "2",
    "subject": "English",
    "medium": "English",
    "chapter_name": "Activity Time"
  },
  "questions": [
    {
      "question_id": 1,
      "question_type": "MCQ",
      "question": "What drink are the children making in class?",
      "options": [
        { "option_id": 1, "text": "Lemonade", "is_correct": false },
        { "option_id": 2, "text": "Kairee Panha", "is_correct": true },
        { "option_id": 3, "text": "Tea", "is_correct": false },
        { "option_id": 4, "text": "Milkshake", "is_correct": false }
      ],
      "answer": "Kairee Panha"
    }
  ]
}