{
  "chapter_metadata": {
    "chapter_id": "2.English.30",
    "standard": "2",
    "subject": "English",
    "medium": "English",
    "chapter_name": "Let’s Speak"
  },
  "questions": [
    {
      "question_id": 1,
      "question_type": "MCQ",
      "question": "What is the girl doing in the example sentence?",
      "options": [
        { "option_id": 1, "text": "She is singing", "is_correct": false },
        { "option_id": 2, "text": "She is dancing", "is_correct": true },
        { "option_id": 3, "text": "She is sleeping", "is_correct": false },
        { "option_id": 4, "text": "She is reading", "is_correct": false }
      ],
      "answer": "She is dancing"
    }
  ]
}