{
  "chapter_metadata": {
    "chapter_id": "2.English.33",
    "standard": "2",
    "subject": "English",
    "medium": "English",
    "chapter_name": "My Telescope"
  },
  "questions": [
    {
      "question_id": 1,
      "question_type": "MCQ",
      "question": "What did the poet buy?",
      "options": [
        { "option_id": 1, "text": "A microscope", "is_correct": false },
        { "option_id": 2, "text": "A telescope", "is_correct": true },
        { "option_id": 3, "text": "A camera", "is_correct": false },
        { "option_id": 4, "text": "A binocular", "is_correct": false }
      ],
      "answer": "A telescope"
    }
  ]
}