{
  "chapter_metadata": {
    "chapter_id": "2.English.12",
    "standard": "2",
    "subject": "English",
    "medium": "English",
    "chapter_name": "Let's Speak"
  },
  "questions": [
    {
      "question_id": 1,
      "question_type": "MCQ",
      "question": "Who uses a stethoscope to check patients?",
      "options": [
        { "option_id": 1, "text": "Farmer", "is_correct": false },
        { "option_id": 2, "text": "Doctor", "is_correct": true },
        { "option_id": 3, "text": "Chef", "is_correct": false },
        { "option_id": 4, "text": "Soldier", "is_correct": false }
      ],
      "answer": "Doctor"
    }
  ]
}