{
  "chapter_metadata": {
    "chapter_id": "2.ENG.07",
    "standard": "2",
    "subject": "English",
    "medium": "English",
    "chapter_name": "Let's Speak"
  },
  "questions": [
    {
      "question_id": 1,
      "question_type": "MCQ",
      "question": "Who asks permission to go out to play?",
      "options": [
        { "option_id": 1, "text": "Mohini", "is_correct": false },
        { "option_id": 2, "text": "Ashwini", "is_correct": true },
        { "option_id": 3, "text": "Tina", "is_correct": false },
        { "option_id": 4, "text": "Shyam", "is_correct": false }
      ],
      "answer": "Ashwini"
    }
  ]
}