{
  "chapter_metadata": {
    "chapter_id": "2.English.34",
    "standard": "2",
    "subject": "English",
    "medium": "English",
    "chapter_name": "Let’s Speak"
  },
  "questions": [
    {
      "question_id": 1,
      "question_type": "MCQ",
      "question": "Where do the children go in the picture?",
      "options": [
        { "option_id": 1, "text": "School", "is_correct": false },
        { "option_id": 2, "text": "Park", "is_correct": true },
        { "option_id": 3, "text": "Zoo", "is_correct": false },
        { "option_id": 4, "text": "Market", "is_correct": false }
      ],
      "answer": "Park"
    }
  ]
}