{
  "chapter_metadata": {
    "chapter_id": "2.English.23",
    "standard": "2",
    "subject": "English",
    "medium": "English",
    "chapter_name": "Language Study - Action Words"
  },
  "questions": [
    {
      "question_id": 1,
      "question_type": "MCQ",
      "question": "What are action words?",
      "options": [
        { "option_id": 1, "text": "Names of things", "is_correct": false },
        { "option_id": 2, "text": "Words that express an action", "is_correct": true },
        { "option_id": 3, "text": "Names of places", "is_correct": false },
        { "option_id": 4, "text": "Describing words", "is_correct": false }
      ],
      "answer": "Words that express an action"
    }
  ]
}