{
  "chapter_metadata": {
    "chapter_id": "2.English.36",
    "standard": "2",
    "subject": "English",
    "medium": "English",
    "chapter_name": "Writing Skills"
  },
  "questions": [
    {
      "question_id": 1,
      "question_type": "MCQ",
      "question": "What should students choose in the first activity?",
      "options": [
        { "option_id": 1, "text": "Favourite animal", "is_correct": false },
        { "option_id": 2, "text": "Favourite story character", "is_correct": true },
        { "option_id": 3, "text": "Favourite game", "is_correct": false },
        { "option_id": 4, "text": "Favourite place", "is_correct": false }
      ],
      "answer": "Favourite story character"
    }
  ]
}