{
  "chapter_metadata": {
    "chapter_id": "2.English.13",
    "standard": "2",
    "subject": "English",
    "medium": "English",
    "chapter_name": "Unity Is Strength"
  },
  "questions": [
    {
      "question_id": 1,
      "question_type": "MCQ",
      "question": "How many sons did the old man have?",
      "options": [
        { "option_id": 1, "text": "Two", "is_correct": false },
        { "option_id": 2, "text": "Three", "is_correct": false },
        { "option_id": 3, "text": "Four", "is_correct": true },
        { "option_id": 4, "text": "Five", "is_correct": false }
      ],
      "answer": "Four"
    }
  ]
}